"MorphID","SpID","Sex","N","ExpC","Peso","Acom","TotC","AlCdo","PrfP","AlAnc","AlLgo","Rasp","Rform","WiLo","Wtap","AlArea","ColaL","PataE","TarsL","UnaL","PsoSD","ExpCSD","AcomSD","TotCSD","AlCdoSD","PrfPSD","AlAncSD","AlLgoSD","RaspSD","RformSD","WiLoSD","WtapSD","AlAreaSD","ColaLSD","PataESD","TarsLSD","UnaLSD","ReferenceID","LocalityID","MuseumID","Notes","Subspeciesname","spname"
1,2,"Macho",11,15.19,4.49,5.09,17.16,57.48,1.86,23.22,63.72,7.14,2.74,0.19,0.3,11.37,38.04,12.55,6.29,4.26,0.03,0.24,0.23,0.42,1.2,0.14,0.05,1.33,0.14,0.05,0.01,0.03,0.33,1.71,0.3,0.27,0.14,183,1482,1,"",NA,"Adelomyia.melanogenys"
2,2,"Macho",21,14.89,3.99,5.06,16.95,54.26,1.88,21.75,60.45,6.96,2.78,0.19,0.25,10.5,36.84,11.95,5.9,3.96,0.27,0.51,0.21,0.6,1.26,0.14,0.86,1.77,0.23,0.06,0.01,0.02,0.61,1.26,0.33,0.16,0.17,183,598,1,"",NA,"Adelomyia.melanogenys"
3,8,"Macho",13,16.24,6.07,6.04,18.87,68.68,2.16,25.52,76.81,7.71,3,0.19,0.28,15.31,92.56,14.07,6.43,4.22,0.23,0.54,0.27,0.97,1.88,0.16,0.67,2.35,0.32,0.08,0.01,0.03,0.73,25.7,0.36,0.2,0.18,183,598,1,"",NA,"Aglaiocercus.coelestis"
4,7,"Macho",12,15.76,5.53,5.58,18.6,67.11,1.88,23.3,72.93,7.77,3.12,0.2,0.24,13.68,112.56,13.27,6.18,3.9,0.26,0.84,0.16,0.73,2.39,0.11,0.67,2.65,0.29,0.06,0.00684174448621572,0.03,0.51,19.96,0.56,0.21,0.25,183,598,1,"",NA,"Aglaiocercus.kingi"
5,3,"Macho",17,18.71,8.43,5.78,21.97,85.62,1.95,31.78,95.35,7.79,2.99,0.18,0.29,23.37,48.92,15.06,7.2,4.47,0.34,0.69,0.32,1.12,1.69,0.19,0.56,2.52,0.42,0.06,0.00799002653808315,0.05,0.96,1.45,0.42,0.18,0.22,183,598,1,"",NA,"Aglaeactis.cupripennis"
6,28,"Macho",18,18.53,4.07,5.23,20.84,53.33,1.98,19.31,60.21,7.66,3.11,0.21,0.22,9.47,29.07,10.08,4.87,2.48,0.21,0.59,0.24,0.66,0.94,0.15,0.55,1.3,0.21,0.05,0.01,0.03,0.47,0.97,0.31,0.17,0.14,183,598,1,"",NA,"Amazilia.amazilia"
7,27,"Macho",1,18.7,4.75,5.9,20.5,52.7,2,19.8,62,7.69,3.13,0.23,0.22,9.99,29.4,10.2,5.1,2.6,0,0,0,0,0,0,0,0,0,0,0,0,0,0,0,0,0,183,598,1,"",NA,"Amazilia.castaneiventris"
8,17,"Macho",18,17.76,4.94,5.16,20.03,54.5,2,19.25,60.5,7.73,3.14,0.26,0.22,9.47,30.41,10.3,5.19,2.68,0.23,0.69,0.21,0.87,1.09,0.18,0.54,1.1,0.19,0.09,0.01,0.03,0.34,1.25,0.36,0.2,0.12,183,598,1,"",NA,"Amazilia.cyanura"
9,33,"Macho",24,20.99,5.31,5.82,23.35,55.8,2.14,21.05,63.51,7.63,3.01,0.25,0.26,10.57,30.15,10.8,5.35,2.84,0.18,0.99,0.2,1.07,1.2,0.18,0.69,1.61,0.25,0.06,0.01,0.04,0.44,1.06,0.27,0.16,0.14,183,598,1,"",NA,"Amazilia.fimbriata"
10,33,"Macho",15,20.31,4.95,5.6,22.6,54.44,2.12,20.68,62.83,7.57,3.03,0.23,0.24,10.42,29.6,10.33,5.16,2.71,0.22,0.63,0.27,0.63,1.03,0.14,0.7,1.05,0.18,0.09,0.01,0.02,0.25,0.89,0.36,0.21,0.15,183,598,1,"",NA,"Amazilia.fimbriata"
11,32,"Macho",19,22.71,5.27,5.68,25.23,55.03,2.28,19.92,61.31,7.68,3.07,0.26,0.24,9.79,33.42,10.93,5.31,2.87,0.24,0.95,0.26,0.94,0.96,0.13,0.57,1.25,0.3,0.08,0.01,0.04,0.36,1.24,0.4,0.17,0.2,183,598,1,"",NA,"Amazilia.franciae"
12,18,"Macho",21,17.63,4.97,5.31,19.72,53.63,1.87,19.27,59.99,7.57,3.11,0.26,0.21,9.5,30.52,10.68,5.21,2.69,0.22,0.74,0.21,0.74,1.29,0.11,0.7,1.58,0.26,0.09,0.01,0.04,0.27,1.56,0.42,0.1,0.13,183,598,1,"",NA,"Amazilia.saucerrottei"
13,18,"Macho",7,17.4,4.27,5.07,19.1,50.58,1.79,17.68,58.28,7.65,3.29,0.24,0.16,8.88,28.78,10.1,4.85,2.55,0.3,0.6,0.13,0.82,0.97,0.06,0.74,0.9,0.18,0.09,0.01,0.03,0.32,1.17,0.2,0.16,0.16,183,598,1,"",NA,"Amazilia.saucerrottei"
14,20,"Macho",25,20.14,5.02,5.95,22.12,55.54,2.17,20.67,62.66,7.52,3.03,0.24,0.24,10.45,32.93,10.62,5.24,2.77,0.22,0.58,0.29,0.66,1.39,0.13,0.56,1.7,0.26,0.07,0.01,0.03,0.52,1.46,0.31,0.18,0.12,183,598,1,"",NA,"Amazilia.tzacatl"
15,30,"Macho",10,15.87,3.72,5.18,18.15,49.93,1.78,17.96,55.6,7.59,3.09,0.22,0.22,8.14,28.14,9.31,4.71,2.41,0.22,0.69,0.2,0.52,1.75,0.1,0.5,1.32,0.2,0.08,0.01,0.01,0.26,1.44,0.38,0.11,0.11,183,598,1,"",NA,"Amazilia.versicolor"
16,26,"Macho",16,18.41,4.48,5.29,20.93,53.52,1.92,18.94,59.94,7.55,3.16,0.23,0.19,9.52,30.13,10.05,5,2.68,0.24,0.85,0.18,1.14,0.69,0.13,0.77,1.96,0.19,0.08,0.01,0.02,0.52,1.07,0.3,0.18,0.15,183,598,1,"",NA,"Amazilia.viridicauda"
17,41,"Macho",5,14.84,2.76,4.46,16.42,50.36,1.6,17.62,55.94,7.54,3.17,0.16,0.18,8.29,30.2,8.36,4.18,2.11,0.09,0.45,0.11,0.27,1.18,0.07,0.7,1.26,0.15,0.1,0.00298302480398783,0.03,0.31,1.6,0.29,0.13,0.07,183,598,1,"",NA,"Anthocephala.floriceps"
18,39,"Macho",5,33.46,7.38,7.2,35.52,67.96,3.45,26.8,76.16,7.2,2.84,0.22,0.26,16.11,42.58,11.76,5.76,2.64,0.1,1.78,0.14,1.54,0.92,0.17,0.4,2.02,0.28,0.06,0.00874688118320223,0.02,0.43,1.31,0.32,0.11,0.11,183,598,1,"",NA,"Androdon.aequatorialis"
19,43,"Macho",23,24.23,7.51,6.58,27.47,69.26,2.46,23.75,77.74,7.98,3.27,0.24,0.21,15.14,38.55,11.6,5.69,2.64,0.5,0.94,0.24,1.4,1.35,0.13,0.92,2.1,0.25,0.1,0.01,0.03,0.7,1.33,0.58,0.26,0.17,183,598,1,"",NA,"Anthracothorax.nigricollis"
20,57,"Macho",13,16.88,8.43,6.75,19.92,78.42,2.25,28.49,87.66,7.75,3.07,0.21,0.25,19.86,47.06,14.2,6.68,4.26,0.34,0.66,0.3,0.83,1.17,0.1,0.99,2.1,0.33,0.08,0.01,0.04,1.18,0.99,0.37,0.15,0.25,183,598,1,"",NA,"Boissonneaua.flavescens"
21,59,"Macho",1,19.2,9.9,7.3,23.6,76.2,2.7,28.7,86.4,7.3,3.01,0.24,0.21,20.44,44.8,14.2,6.7,4.5,0,0,0,0,0,0,0,0,0,0,0,0,0,0,0,0,0,183,598,1,"",NA,"Boissonneaua.jardini"
22,62,"Macho",4,14.12,2.92,4.22,15.8,35.25,1.37,11.75,38.7,7.93,3.29,0.38,0.2,3.78,31.85,8.25,3.91,1.87,0.1,0.29,0.18,0.28,0.47,0.04,0.49,0.85,0.34,0.14,0.01,0.02,0.15,0.57,0.2,0.06,0.05,183,598,1,"",NA,"Calliphlox.mitchellii"
23,75,"Macho",7,23.97,7.37,7.07,27.78,68.65,2.63,25.85,76.51,7.28,2.96,0.22,0.23,16.08,42.32,11.75,6.17,2.84,0.34,1.07,0.34,1.23,1,0.18,0.66,1.29,0.19,0.05,0.01,0.03,0.21,1.68,0.31,0.16,0.12,183,598,1,"",NA,"Campylopterus.falcatus"
24,72,"Macho",4,25.25,9.12,6.92,28.65,72.82,2.85,29.32,85.12,6.38,2.9,0.2,0.09,22.75,49.05,11.8,6.37,2.8,0.68,1.39,0.25,1.77,0.97,0.26,0.78,0.51,0.31,0.06,0.00588318186152145,0.03,1.28,2.54,0.59,0.22,0.16,183,598,1,"",NA,"Campylopterus.largipennis"
25,90,"Macho",23,24.11,6.9,6.48,27.04,70.27,2.39,25.25,79.37,7.83,3.14,0.21,0.24,16.09,43.22,11.62,5.76,3.21,0.32,0.79,0.24,0.95,1.55,0.15,0.85,2.48,0.27,0.09,0.01,0.03,0.92,1.82,0.32,0.26,0.23,183,598,1,"",NA,"Chalybura.buffonii"
26,90,"Macho",14,25.92,7.21,6.65,28.76,71.82,2.4,25.19,79.61,7.52,3.16,0.21,0.19,16.86,45.47,11.74,5.79,3.43,0.29,1.06,0.26,1.25,2.1,0.08,0.95,2.21,0.25,0.1,0.01,0.03,0.9,2.28,0.22,0.23,0.18,183,598,1,"",NA,"Chalybura.buffonii"
27,91,"Macho",3,23.43,7.2,6.4,25.7,70.5,2.75,25.1,78.33,7.83,3.12,0.23,0.25,15.67,40.9,11.66,5.83,3.16,0.36,0.72,0.56,1.34,0.79,0.07,0.75,3.39,0.45,0.04,0.01,0.05,0.44,1.7,0.15,0.05,0.2,183,598,1,"",NA,"Chalybura.urochrysia"
28,89,"Macho",12,12.41,6.25,5.53,15.79,69.39,2.05,27.18,75.85,6.84,2.79,0.18,0.22,16.88,52.43,14.74,7.15,4.53,0.35,0.5,0.52,0.69,2.17,0.09,0.76,1.65,0.18,0.06,0.01,0.02,0.76,2.82,0.57,0.26,0.28,183,598,1,"",NA,"Chalcostigma.herrani"
29,88,"Macho",8,13.02,5.73,5.71,15.98,66.66,1.82,26.37,74.65,7.29,2.83,0.18,0.28,15.29,58.15,14.02,6.98,4.4,0.32,0.64,0.1,0.53,3.43,0.15,1.05,3.15,0.23,0.06,0.01,0.02,0.93,4.89,0.43,0.18,0.16,183,598,1,"",NA,"Chalcostigma.heteropogon"
30,102,"Macho",15,15.68,2.84,4.66,17.72,46.52,1.8,16.34,51.6,7.23,3.15,0.19,0.14,7.37,28.6,8.45,4.36,2.24,0.21,0.96,0.16,1.05,1.14,0.19,0.63,1.78,0.21,0.08,0.00897774484502398,0.03,0.46,1.71,0.47,0.22,0.16,183,598,1,"",NA,"Chlorostilbon.gibsoni"
31,101,"Macho",8,13.81,2.68,4.46,15.57,46.11,1.62,15.78,51.28,7.76,3.24,0.19,0.19,6.78,25.56,8.51,4.41,2.31,0.06,0.39,0.2,0.85,0.76,0.13,0.57,1.64,0.29,0.07,0.01,0.02,0.4,1.23,0.19,0.11,0.12,183,598,1,"",NA,"Chlorostilbon.melanorhynchus"
32,103,"Macho",10,15.03,2.61,4.6,16.57,44.2,1.67,15.02,48.51,7.28,3.23,0.2,0.12,6.47,21.67,8.59,4.33,1.99,0.08,0.73,0.08,0.47,1,0.11,0.63,1.25,0.27,0.1,0.01,0.03,0.47,1.49,0.22,0.09,0.16,183,598,1,"",NA,"Chlorostilbon.mellisugus"
33,104,"Macho",3,19.73,3.68,4.9,21.5,49.83,2,17,53.8,7.43,3.16,0.23,0.17,7.79,25.26,9.5,4.46,2.3,0.1,0.45,0.1,0.26,1.06,0.17,0.17,0.4,0.15,0.01,0.01,0.02,0.27,0.2,0.19,0.11,0.1,183,598,1,"",NA,"Chlorostilbon.olivaresi"
34,109,"Macho",11,17.26,2.94,4.87,19.21,43.12,1.68,15.08,48.36,7.55,3.21,0.23,0.17,6.2,22.05,8.72,4.51,2.22,0.18,0.98,0.13,1.08,0.87,0.09,0.62,1.38,0.29,0.12,0.01,0.01,0.33,0.89,0.34,0.15,0.11,183,598,1,"",NA,"Chlorostilbon.poortmani"
35,111,"Macho",3,20.16,4.75,5.56,22.56,52.96,2,19.03,59.5,7.47,3.12,0.24,0.19,9.47,29.9,10.66,5.11,2.73,0.07,0.56,0.15,0.66,0.7,0.17,0.35,0.52,0.09,0.03,0.00604988411753021,0.01,0.22,1.41,0.28,0.12,0.15,183,598,1,"",NA,"Chrysuronia.oenone"
36,111,"Macho",12,21.11,4.75,5.75,23.49,53.85,2.11,18.8,59.8,7.59,3.18,0.25,0.19,9.42,30.44,10.58,5.07,2.83,0.15,0.67,0.32,0.69,1.03,0.12,0.79,1.2,0.26,0.1,0.01,0.03,0.49,1.01,0.47,0.16,0.12,183,598,1,"",NA,"Chrysuronia.oenone"
37,92,"Macho",1,17.9,3.8,5,20.2,49.4,1.8,17.9,56.2,7.92,3.13,0.23,0.26,7.97,30,9.6,4.7,2.5,0,0,0,0,0,0,0,0,0,0,0,0,0,0,0,0,0,183,598,1,"",NA,"Chlorestes.notata"
38,82,"Macho",1,13.2,2.25,4,15.1,30.2,1.3,10.4,32,7.26,3.07,0.39,0.18,2.82,21,7.7,3.6,1.9,0,0,0,0,0,0,0,0,0,0,0,0,0,0,0,0,0,183,598,1,"",NA,"Chaetocercus.astreans"
39,81,"Macho",1,12.6,2.5,4.2,14,31.3,1.25,10.6,34.6,7.35,3.26,0.38,0.12,3.25,20.7,8.3,4.3,1.8,0,0,0,0,0,0,0,0,0,0,0,0,0,0,0,0,0,183,598,1,"",NA,"Chaetocercus.heliodor"
40,79,"Macho",24,16.97,3.58,4.58,19.5,39.67,1.45,13.8,43.37,7.72,3.14,0.36,0.22,4.87,25.2,8.9,4.32,2.15,0.16,0.51,0.23,0.73,0.81,0.11,0.35,0.78,0.23,0.08,0.01,0.02,0.15,1.21,0.31,0.11,0.12,183,598,1,"",NA,"Chaetocercus.mulsant"
41,110,"Macho",17,12.37,3.73,5.19,16.04,54.71,1.73,18.02,60.24,8.3,3.34,0.21,0.24,8.74,31.35,9.32,4.71,2.09,0.14,0.74,0.19,1.37,0.92,0.1,0.55,1.38,0.19,0.07,0.00916329870485317,0.03,0.28,1.34,0.43,0.18,0.2,183,598,1,"",NA,"Chrysolampis.mosquitus"
42,119,"Macho",25,28.88,6.77,5.91,31.74,75.65,2.01,28.41,84.72,7.64,2.98,0.18,0.28,18.77,44.82,11.78,5.66,3.34,0.16,0.74,0.29,0.76,1.55,0.08,0.79,2.23,0.26,0.07,0.00645355444514201,0.03,0.6,1.44,0.39,0.24,0.17,183,598,1,"",NA,"Coeligena.bonapartei"
43,113,"Macho",18,29.01,6.75,6.36,32.23,72.74,2.18,27.51,81.65,7.53,2.96,0.19,0.26,17.69,46.42,11.35,5.9,3.45,0.26,1.1,0.3,1.63,1.54,0.16,1.05,2.95,0.27,0.07,0.01,0.04,0.82,2.37,0.53,0.29,0.19,183,598,1,"",NA,"Coeligena.coeligena"
44,120,"Macho",19,28.61,6.97,6.52,32.37,73.26,2.13,27.94,82.18,7.46,2.94,0.19,0.26,18.09,45.75,11.81,6.06,3.42,0.31,1.28,0.3,1.63,1.42,0.13,0.77,1.83,0.2,0.06,0.0086304675001077,0.02,0.46,1.62,0.33,0.24,0.17,183,598,1,"",NA,"Coeligena.helianthea"
45,121,"Macho",8,30.88,7.57,6.41,35.38,75.48,2.23,28.55,83.78,7.35,2.93,0.19,0.25,19.1,47.3,12.08,6.01,3.62,0.58,1.56,0.33,1.89,2.06,0.13,1.02,1.85,0.16,0.06,0.00778663912666383,0.01,1.08,1.5,0.39,0.27,0.26,183,598,1,"",NA,"Coeligena.lutetiae"
46,118,"Macho",2,32.15,7.07,6.95,35.75,74.9,2.6,28.5,86.3,7.9,3.02,0.18,0.3,18.84,44.15,12.15,6.25,3.37,0.17,0.63,0.21,0.07,0.28,0.14,0.42,0.28,0.01,0.05,0.00300030770038513,0.02,0.16,0.35,0.21,0.07,0.03,183,598,1,"",NA,"Coeligena.orina"
47,117,"Macho",3,28.03,6.85,6.2,31.63,75.06,2.2,27.56,83.46,7.69,3.02,0.18,0.27,18.1,44.56,11.6,5.46,3.43,0.05,0.51,0.26,1,0.9,0.1,0.65,2.15,0.23,0.02,0.00397825281598406,0.03,0.4,2.74,0.34,0.11,0.25,183,598,1,"",NA,"Coeligena.phalerata"
48,115,"Macho",14,27.98,7.4,6.63,30.99,77.29,2.27,29.34,87.72,7.91,2.99,0.19,0.32,19.46,48.29,11.82,5.66,3.28,0.28,0.57,0.18,0.85,1.64,0.13,0.83,1.82,0.28,0.08,0.00723403012096864,0.04,0.32,1.95,0.31,0.21,0.21,183,598,1,"",NA,"Coeligena.prunellei"
49,116,"Macho",18,32.41,7.58,6.27,36.03,78.7,2.23,29.46,87.23,7.66,2.96,0.19,0.29,19.87,45.86,11.92,5.85,3.57,0.35,1.35,0.42,1.38,1.76,0.17,1.01,2.68,0.27,0.08,0.00949599910002143,0.04,0.92,1.6,0.39,0.27,0.19,183,598,1,"",NA,"Coeligena.torquata"
50,114,"Macho",12,33.56,7.01,6.62,36.83,70.9,2.4,27.61,79.56,7.4,2.88,0.2,0.28,17.09,41.46,11.9,5.86,3.47,0.3,1.55,0.62,1.33,1.85,0.18,0.95,2.33,0.2,0.06,0.01,0.04,0.7,1.7,0.45,0.31,0.2,183,598,1,"",NA,"Coeligena.wilsoni"
51,126,"Macho",25,24.42,8.21,6.27,28.29,78.57,2.33,28.53,87.45,7.82,3.06,0.21,0.27,19.56,48.48,12.1,6.08,3.06,0.34,0.83,0.27,1.22,1.81,0.13,0.87,2.22,0.26,0.09,0.01,0.03,0.86,2.22,0.44,0.23,0.22,183,598,1,"",NA,"Colibri.coruscans"
52,124,"Macho",15,17.35,7.03,6.39,20.68,73.81,2.21,26.02,82.07,8.18,3.15,0.21,0.29,16.47,41.34,11.68,5.77,2.77,0.34,0.53,0.28,0.86,2.07,0.14,0.75,2.56,0.24,0.07,0.01,0.03,0.74,1.48,0.46,0.22,0.17,183,598,1,"",NA,"Colibri.delphinae"
53,125,"Macho",20,20.88,5.5,5.61,23.04,67.4,1.99,24.27,74.27,7.52,3.06,0.18,0.22,14.67,41.53,11.14,5.44,2.82,0.32,2.16,0.18,1.19,1.37,0.15,0.79,2.16,0.32,0.07,0.01,0.04,0.56,1.86,0.36,0.24,0.18,183,598,1,"",NA,"Colibri.thalassinus"
54,131,"Macho",10,14.44,3.21,4.64,16.19,44.02,1.69,15.4,49.42,7.77,3.21,0.25,0.21,6.28,29.9,9.18,4.56,2.26,0.14,0.4,0.13,0.59,0.82,0.07,0.43,1.15,0.16,0.07,0.00949925713563073,0.02,0.2,1.17,0.18,0.19,0.12,183,598,1,"",NA,"Damophila.julie"
55,132,"Macho",5,12,2.65,3.6,13.34,42.56,1.3,13.5,45.4,8.05,3.36,0.25,0.19,5.12,54.74,9.3,4.5,2.46,0.11,0.43,0.17,0.61,1.85,0.07,0.62,1.77,0.3,0.13,0.01,0.05,0.33,3.62,0.07,0.23,0.41,183,598,1,"",NA,"Discosura.conversii"
56,134,"Macho",2,12.9,2.87,3.95,14.1,34.7,1.3,12.4,37.8,7.17,3.04,0.36,0.17,3.98,46.1,9.9,4.35,2.65,0.03,0.56,0.07,0.7,1.13,0,0.42,2.4,0.51,0.08,0.01,0.05,0.21,28.84,0.14,0.21,0.07,183,598,1,"",NA,"Discosura.langsdorffi"
57,140,"Macho",10,27.71,4.38,5.41,29.34,54.99,1.82,20.64,61.4,7.19,2.97,0.2,0.2,10.48,30.39,10.14,5.01,2.7,0.17,1.21,0.17,1.21,1.18,0.09,0.67,1.89,0.3,0.11,0.01,0.03,0.3,1.63,0.25,0.14,0.17,183,598,1,"",NA,"Doryfera.johannae"
58,139,"Macho",22,32.59,6.01,5.93,34.43,61.36,2,23.45,68.45,7.4,2.91,0.23,0.26,12.66,33.19,11.26,5.71,3.07,0.42,2.16,0.32,2.34,1.81,0.15,1.05,2.55,0.32,0.07,0.01,0.05,0.67,1.24,0.37,0.24,0.27,183,598,1,"",NA,"Doryfera.ludovicae"
59,143,"Macho",4,77.87,9.67,7.85,83.92,76.82,2.7,28.22,87.02,7.93,3.08,0.25,0.28,19.14,57.95,14.4,6.8,4.02,0.56,3.01,0.21,2.66,1.44,0,1.46,4.74,0.32,0.16,0.01,0.03,2.16,3.37,0.18,0.21,0.17,183,598,1,"",NA,"Ensifera.ensifera"
60,159,"Macho",9,20.91,8.59,6.95,23.88,73.84,2.42,27.53,85.15,7.2,3.09,0.42,0.16,20.14,86.46,12.63,6.15,3.2,0.32,0.77,0.26,0.89,1.08,0.07,0.62,1.62,0.18,0.03,0.02,0.02,0.71,2.49,0.34,0.15,0.23,183,598,1,"",NA,"Eupetomena.macroura"
61,154,"Macho",6,17.08,3.46,4.86,19.2,50.51,1.6,18.9,55.26,7.05,2.92,0.2,0.2,8.66,30.56,9.8,4.98,2.78,0.17,0.72,0.2,0.42,1.07,0.1,0.48,1.33,0.2,0.03,0.00497379844876019,0.03,0.42,1.46,0.27,0.18,0.21,183,598,1,"",NA,"Eriocnemis.alinae"
62,149,"Macho",20,18.36,5.64,5.78,21.15,61.97,1.92,24.03,68.99,7.27,2.87,0.21,0.26,13.08,41.56,12.08,6.1,3.56,0.2,0.6,0.19,0.8,0.94,0.12,0.6,1.91,0.21,0.05,0.00975792262425912,0.02,0.46,1.29,0.41,0.25,0.16,183,598,1,"",NA,"Eriocnemis.cupreoventris"
63,147,"Macho",11,18.44,5.37,5.29,21.07,59.75,2.08,22.87,65.52,7.03,2.86,0.22,0.22,12.21,32.1,11.19,5.51,3.45,0.03,0.73,0.48,0.82,1.98,0.11,0.88,1.54,0.24,0.08,0.01,0.03,0.62,1.28,0.44,0.29,0.18,183,598,1,"",NA,"Eriocnemis.derbyi"
64,147,"Macho",6,21.31,5.25,5.25,24.2,58.9,1.88,22.58,65.26,7.45,2.89,0.22,0.28,11.43,32.31,11.61,5.68,3.46,0.22,1.18,0.2,1.16,0.95,0.07,0.22,1.13,0.13,0.07,0.00758114871416515,0.01,0.22,0.44,0.48,0.14,0.13,183,598,1,"",NA,"Eriocnemis.derbyi"
65,145,"Macho",4,15.77,4.1,5.45,17.82,55.05,1.68,22.52,64.8,8.07,2.87,0.19,0.4,10.4,36.42,10.75,5.68,3.47,0.25,0.23,0.12,0.17,0.99,0.02,1.08,1.87,0.1,0.06,0.01,0.04,0.5,0.68,0.17,0.16,0.12,183,598,1,"",NA,"Eriocnemis.isabellae"
66,153,"Macho",1,18.2,3.5,5.2,20.4,52.1,1.7,21.2,60.3,7.03,2.84,0.16,0.23,10.33,35.2,10.1,5.3,3.4,0,0,0,0,0,0,0,0,0,0,0,0,0,0,0,0,0,183,598,1,"",NA,"Eriocnemis.mirabilis"
67,151,"Macho",24,18.3,6.32,5.59,21.22,71.87,2.04,27.24,79.31,7.24,2.91,0.18,0.24,17.36,55.43,12.07,6.09,3.76,0.44,0.68,0.28,1,1.57,0.14,0.73,1.58,0.16,0.05,0.01,0.02,0.66,2.6,0.34,0.19,0.36,183,598,1,"",NA,"Eriocnemis.mosquera"
68,146,"Macho",25,19.04,4.87,5.11,21.38,59.82,1.75,23.36,66.33,7.13,2.84,0.19,0.25,12.33,40.96,11.57,5.7,3.63,0.18,0.55,0.25,0.86,1.02,0.08,0.62,1.53,0.26,0.09,0.00979072402215694,0.02,0.44,1.17,0.37,0.26,0.22,183,598,1,"",NA,"Eriocnemis.vestita"
69,164,"Macho",19,27.34,12.14,9.38,32.82,76.17,2.92,31.4,87.54,7.15,2.78,0.28,0.28,21.42,52.84,14.89,7.82,4.84,0.53,1,0.32,1.51,1.89,0.15,0.79,2.23,0.23,0.08,0.01,0.03,0.92,2.26,0.52,0.26,0.21,183,598,1,"",NA,"Eutoxeres.aquila"
70,166,"Macho",22,19.6,7.4,6.41,23.23,71.75,2.73,24,80.26,8.24,3.34,0.23,0.23,15.63,38.57,11.25,5.61,2.67,0.3,1.01,0.32,1.01,1.87,0.1,0.82,2.11,0.21,0.09,0.00699071293829634,0.03,0.6,1.62,0.43,0.22,0.24,183,598,1,"",NA,"Florisuga.mellivora"
71,170,"Macho",25,30.44,6.94,7.33,33.68,61.84,3.37,26.47,71.47,6.96,2.7,0.23,0.29,14.67,38.77,10.7,5.46,2.47,0.33,1.56,0.41,1.59,1.46,0.21,0.9,1.56,0.26,0.08,0.01,0.04,0.52,1.53,0.67,0.28,0.17,183,598,1,"",NA,"Glaucis.hirsutus"
72,172,"Macho",2,17.7,4.1,4.95,19.75,52.7,1.85,19.7,61.55,8.1,3.12,0.21,0.29,9.34,29.85,9.5,4.9,2.85,0.14,0.28,0.07,0.07,0.28,0.07,0.14,0.91,0.17,0.06,0.00574100162450198,0.000735495993733288,0.07,0.91,0,0.14,0.07,183,598,1,"",NA,"Goldmania.violiceps"
73,173,"Macho",24,20.11,5.53,5.32,22,60.82,1.97,23.17,68.07,7.25,2.93,0.21,0.23,12.78,38.84,11.62,5.65,3.5,0.34,1.06,0.21,1.11,1.46,0.17,0.53,1.57,0.18,0.06,0.01,0.02,0.53,1.41,0.42,0.22,0.17,183,598,1,"",NA,"Haplophaedia.aureliae"
74,175,"Macho",4,17.5,6.6,5.8,19.87,63.55,2.05,24.47,74.7,7.44,3.05,0.22,0.21,15,38.57,13.15,6.35,3.82,0.37,0.46,0.14,0.86,1,0.07,0.47,0.73,0.31,0.07,0.01,0.03,0.4,0.45,0.35,0.23,0.18,183,598,1,"",NA,"Haplophaedia.lugens"
75,178,"Macho",20,17.05,5.97,6.08,19.36,67.83,2.05,24.91,74.33,7.68,2.98,0.2,0.28,14.38,41.56,12.98,6.15,4.02,0.17,0.47,0.21,0.58,1,0.16,0.66,2.55,0.29,0.07,0.01,0.02,0.7,1.6,0.53,0.21,0.18,183,598,1,"",NA,"Heliangelus.amethysticollis"
76,180,"Macho",21,15.65,5.19,5.55,17.78,65.74,1.9,23.25,71.6,7.64,3.08,0.19,0.23,13.41,46.24,12.2,5.9,3.71,0.25,0.56,0.32,0.74,1.17,0.14,0.68,1.69,0.23,0.07,0.01,0.03,0.61,1.81,0.48,0.23,0.23,183,598,1,"",NA,"Heliangelus.exortis"
77,190,"Macho",4,18.62,6.11,5.8,21.85,62.55,2.2,22.5,70.32,7.53,3.12,0.23,0.2,13.12,35.8,11.2,5.42,3.02,0.29,0.91,0.26,1.75,1.3,0.1,0.66,1.26,0.14,0.06,0.00868389807286478,0.00564966888358943,0.53,1.58,0.42,0.17,0.17,183,598,1,"",NA,"Heliodoxa.aurescens"
78,192,"Macho",7,24.28,9.1,7.15,29.4,72.52,2.65,25.74,81.61,7.77,3.17,0.26,0.22,17.13,70.05,14.5,6.6,3.82,0.2,1.12,0.21,1.69,1.42,0.21,1.02,2.03,0.17,0.07,0.00921557185761186,0.03,0.58,7.96,0.59,0.19,0.16,183,598,1,"",NA,"Heliodoxa.imperatrix"
79,185,"Macho",17,21.77,7.73,6.59,25.08,72.36,2.46,25.26,80.55,7.92,3.18,0.23,0.24,16.38,50.81,12.85,6.04,3.7,0.42,0.96,0.15,1.34,1,0.14,0.82,2.21,0.22,0.06,0.01,0.02,0.7,2.51,0.44,0.18,0.21,183,598,1,"",NA,"Heliodoxa.jacula"
80,193,"Macho",7,20.42,6.9,6.65,23.64,69.05,2.42,24.38,77.17,7.83,3.16,0.22,0.23,15.2,46.68,12.5,5.94,3.52,0.16,0.33,0.12,0.61,1.31,0.14,0.78,2.35,0.25,0.06,0.00562343859269323,0.03,0.52,1.44,0.33,0.22,0.09,183,598,1,"",NA,"Heliodoxa.leadbeateri"
81,191,"Macho",18,20.68,7.41,6.61,24.55,70.43,2.44,25.39,78.81,7.77,3.1,0.23,0.25,15.97,44.5,12.78,5.99,3.5,0.23,0.89,0.3,1.01,1.51,0.13,0.79,2.22,0.28,0.09,0.00770218712445408,0.03,0.49,2.01,0.3,0.18,0.15,183,598,1,"",NA,"Heliodoxa.rubinoides"
82,189,"Macho",3,23.23,8.2,7,26.9,70.66,2.73,25.56,80.8,7.99,3.15,0.25,0.26,16.32,54.26,12.53,6.43,3.46,0.4,1.77,0.17,1.59,3.06,0.15,0.45,3.42,0.36,0.08,0.00331864342509641,0.02,0.64,3.5,0.15,0.11,0.25,183,598,1,"",NA,"Heliodoxa.schreibersii"
83,194,"Macho",3,34.15,7.1,6.46,36.7,61.06,2.5,20.93,68.93,8.14,3.29,0.3,0.23,11.67,32.36,11.93,5.83,3.16,0.2,2.96,0.35,3.81,1.4,0.1,1.17,1.2,0.03,0.14,0.00317596332242667,0.04,0.43,1.46,0.35,0.15,0.05,183,598,1,"",NA,"Heliomaster.longirostris"
84,199,"Macho",1,18,5.6,5.7,23.2,66.2,2.4,21.5,73.7,8.79,3.42,0.22,0.28,12.35,53.5,9.2,4.4,1.9,0,0,0,0,0,0,0,0,0,0,0,0,0,0,0,0,0,183,598,1,"",NA,"Heliothryx.auritus"
85,198,"Macho",1,16.5,5.4,5.6,19.7,66.3,2.2,23.5,73.5,7.63,3.12,0.19,0.21,14.16,42,9.4,4.6,2.2,0,0,0,0,0,0,0,0,0,0,0,0,0,0,0,0,0,183,598,1,"",NA,"Heliothryx.barroti"
86,205,"Macho",3,16.2,3.65,5.7,18.53,50.03,1.96,17.66,55.8,7.65,3.15,0.22,0.21,8.13,26.56,8.8,4.66,2.46,0.18,0.6,0.17,0.73,1.35,0.15,0.35,1.56,0.19,0.03,0.01,0.02,0.24,0.23,0.17,0.15,0.15,183,598,1,"",NA,"Hylocharis.cyanus"
87,200,"Macho",2,19.45,6.05,6.35,21.75,62.45,2.45,23.75,72.5,8.3,3.05,0.23,0.35,12.66,35.45,11.2,6.05,3.15,0.21,0.07,0.21,1.06,0.91,0.07,0.07,1.27,0.19,0.06,0.00557472308212914,0.00388062447451858,0.14,0.77,0.28,0.07,0.07,183,598,1,"",NA,"Hylocharis.humboldtii"
88,209,"Macho",10,12.46,2.84,4.7,14,49.45,1.68,16.69,53.94,8.13,3.23,0.19,0.25,7.16,28.77,8.3,4.41,2.1,0.12,0.81,0.18,0.66,1.36,0.09,0.67,1.53,0.38,0.11,0.00956673396839342,0.05,0.14,1.06,0.13,0.11,0.13,183,598,1,"",NA,"Klais.guimeti"
89,210,"Macho",18,25.71,5.69,5.75,29.69,64.71,2.01,24.03,71.47,7.57,2.97,0.21,0.27,13.48,40.13,11.3,5.61,3.33,0.31,1.11,0.33,1.09,1.31,0.12,0.57,1.83,0.19,0.06,0.01,0.02,0.41,1.96,0.46,0.3,0.18,183,598,1,"",NA,"Lafresnaya.lafresnayi"
90,219,"Macho",4,18.35,3.65,5.05,20.9,48.02,1.85,18.27,56.3,7.85,3.08,0.22,0.27,8.07,30.27,9.65,4.82,2.67,0.12,0.26,0.12,0.31,0.67,0.1,0.15,1.06,0.19,0.05,0.00815275234348778,0.01,0.21,1.22,0.2,0.09,0.09,183,598,1,"",NA,"Lepidopyga.coeruleogularis"
91,146,"Macho",10,18.07,3.91,4.99,20.2,49.65,1.98,18.38,56.29,7.59,3.06,0.23,0.23,8.35,30.61,9.89,4.85,2.7,0.22,0.55,0.25,0.66,1.39,0.16,0.63,1.97,0.31,0.08,0.01,0.03,0.37,1.43,0.27,0.17,0.18,183,598,1,"",NA,"Eriocnemis.vestita"
92,223,"Macho",7,10.37,3.66,5.31,12.65,51.54,1.48,18.31,56.27,6.82,3.07,0.19,0.11,9.28,96.41,11.47,5.64,3.62,0.12,0.54,0.17,0.55,0.95,0.17,0.43,1.32,0.16,0.05,0.00963598641881124,0.02,0.23,21.76,0.43,0.22,0.11,183,598,1,"",NA,"Lesbia.nuna"
93,222,"Macho",11,14.65,5.28,5.7,17.58,59.74,1.7,22.22,66.27,7.43,2.98,0.22,0.24,11.72,122.34,13.09,6.24,3.91,0.18,0.65,0.21,0.57,1.09,0.11,0.85,1.81,0.23,0.09,0.01,0.01,0.52,33.08,0.41,0.22,0.19,183,598,1,"",NA,"Lesbia.victoriae"
94,227,"Macho",5,18.42,5.02,5.62,19.94,56.62,2.3,21.72,65.18,7.65,3,0.22,0.27,11.1,35.7,10.94,5.48,2.89,0.2,0.67,0.24,1.04,0.51,0.17,0.61,1.35,0.03,0.06,0.00942165122762584,0.02,0.41,1.33,0.16,0.1,0.08,183,598,1,"",NA,"Leucippus.chlorocercus"
95,224,"Macho",2,20.2,5.3,5.9,23.2,58.7,2.35,21.05,67.6,8.08,3.21,0.23,0.25,11.3,34.25,12,5.95,3.3,0.14,0.7,0.14,0.14,0.7,0.21,0.35,0.42,0.07,0.07,0.0053771283886576,0.01,0.04,1.2,0.42,0.35,0.14,183,598,1,"",NA,"Leucippus.fallax"
96,231,"Macho",1,9.2,2.25,3.9,11.9,38.2,1.3,11.7,41.2,8.16,3.52,0.27,0.15,4.16,24.5,8.4,4.4,1.85,0,0,0,0,0,0,0,0,0,0,0,0,0,0,0,0,0,183,598,1,"",NA,"Lophornis.delattrei"
97,242,"Macho",6,11.7,4.16,5.11,14.15,60.68,1.68,23.91,67.03,6.75,2.8,0.15,0.2,13.31,43.06,12.11,6.13,3.9,0.28,0.68,0.18,0.54,1.51,0.09,0.82,1.53,0.14,0.07,0.00929310717657025,0.02,0.46,1.54,0.45,0.16,0.17,183,598,1,"",NA,"Metallura.iracunda"
98,243,"Macho",25,10.86,3.41,4.54,12.5,56.18,1.44,21.49,61.12,7.16,2.84,0.16,0.25,10.45,37.57,11.6,5.51,3.64,0.17,0.51,0.32,0.62,1.68,0.08,0.77,1.66,0.28,0.07,0.01,0.04,0.71,2.41,0.35,0.24,0.2,183,598,1,"",NA,"Metallura.tyrianthina"
99,243,"Macho",10,11.03,3.71,4.64,12.91,58.45,1.65,22.52,64.04,7.09,2.84,0.16,0.24,11.57,39.59,11.68,5.76,4.01,0.13,0.62,0.19,0.63,2.13,0.1,0.75,2.53,0.14,0.04,0.01,0.01,0.8,1.77,0.42,0.22,0.26,183,598,1,"",NA,"Metallura.tyrianthina"
100,244,"Macho",2,14.2,4.3,5.05,16.1,56.65,1.72,24.15,60.75,6.31,2.51,0.18,0.25,11.7,37.75,13.2,5.9,4,0.07,0.56,0.21,1.41,1.62,0.03,0.21,1.2,0.08,0.02,0.00676088443449,0.03,0.62,1.34,0.42,0.14,0.28,183,598,1,"",NA,"Metallura.williami"
101,255,"Macho",9,12.92,2.49,4.32,14.81,42.16,1.42,13.84,46.04,8.41,3.32,0.24,0.26,5.04,63.34,8.88,4.18,2.48,0.08,0.53,0.33,0.82,1.22,0.08,0.4,0.8,0.33,0.09,0.01,0.04,0.25,23.29,0.42,0.12,0.2,183,598,1,"",NA,"Ocreatus.underwoodii"
102,256,"Macho",1,12.7,6.75,6.7,15.3,67.5,1.9,27.4,72.9,6.92,2.66,0.21,0.3,15.35,47.6,16.3,6.8,4.7,0,0,0,0,0,0,0,0,0,0,0,0,0,0,0,0,0,183,598,1,"",NA,"Opisthoprora.euryptera"
103,264,"Macho",8,9.5,5.76,5.43,12.9,70.35,1.68,26.88,76.11,6.92,2.83,0.17,0.22,16.73,52.98,14.95,7.39,5.56,0.31,1.05,0.18,1.35,0.95,0.09,0.52,1.3,0.11,0.02,0.0069318932821425,0.02,0.35,2.45,0.23,0.22,0.25,183,598,1,"",NA,"Oxypogon.guerinii"
104,282,"Macho",23,35.27,5.29,5.78,37.51,58.49,2.52,23.49,67.52,7.34,2.87,0.21,0.27,12.43,58.84,9.47,4.83,2.18,0.28,1.61,0.35,1.83,1.35,0.13,0.95,2.11,0.28,0.08,0.01,0.05,0.66,1.98,0.39,0.16,0.16,183,598,1,"",NA,"Phaethornis.anthophilus"
105,282,"Macho",14,32.63,4.92,5.87,35.03,56.62,2.38,22.58,65.25,7.45,2.89,0.21,0.28,11.44,57.5,9.4,4.85,2.22,0.22,0.99,0.23,1.52,0.83,0.12,0.73,1.36,0.33,0.08,0.01,0.04,0.49,1.59,0.3,0.16,0.1,183,598,1,"",NA,"Phaethornis.anthophilus"
106,273,"Macho",8,24.62,2.56,4.57,26.65,38.2,1.9,13.48,42.37,7.84,3.14,0.28,0.24,4.58,35.66,7.72,3.96,1.88,0.14,0.63,0.17,0.53,0.78,0.09,0.33,1.26,0.3,0.09,0.01,0.03,0.25,1.28,0.28,0.21,0.11,183,598,1,"",NA,"Phaethornis.atrimentalis"
107,279,"Macho",4,32.8,4.91,6.27,35.82,59.15,2.55,22.52,66.57,7.31,2.95,0.2,0.23,12.12,77.6,9.7,4.8,2.4,0.14,0.9,0.45,0.59,0.89,0.1,0.72,2.05,0.26,0.1,0.00527208646423637,0.03,0.33,2.25,0.63,0.21,0.16,183,598,1,"",NA,"Phaethornis.augusti"
108,289,"Macho",14,28.97,4.44,5.99,32.31,56.14,2.26,21.82,64.57,7.32,2.95,0.19,0.23,11.39,59.23,8.74,4.55,2.05,0.27,1.02,0.27,1,1.39,0.19,0.52,1.3,0.13,0.04,0.01,0.02,0.43,3.68,0.34,0.21,0.13,183,598,1,"",NA,"Phaethornis.bourcieri"
109,275,"Macho",21,22.28,2.08,4.56,24.24,32.13,1.68,11.5,35.29,7.03,3.07,0.29,0.14,3.55,30.55,7.26,3.85,1.58,0.12,0.81,0.26,0.88,1,0.12,0.57,1.32,0.31,0.1,0.02,0.04,0.27,1.06,0.16,0.15,0.15,183,598,1,"",NA,"Phaethornis.griseogularis"
110,285,"Macho",9,37.68,5.28,6.03,40.28,58.64,2.5,21.81,65.78,7.3,3.01,0.22,0.21,11.85,58.02,9.7,5.13,2.31,0.2,1.26,0.32,1.18,1.09,0.1,0.63,1.66,0.26,0.12,0.01,0.02,0.38,3.95,0.39,0.11,0.14,183,598,1,"",NA,"Phaethornis.guy"
111,285,"Macho",25,42.43,5.84,6.06,45.3,61.74,2.53,22.45,68.97,7.54,3.07,0.23,0.22,12.61,57.86,9.93,5.1,2.35,0.24,1.59,0.22,1.7,0.9,0.12,0.65,1.51,0.19,0.05,0.01,0.02,0.48,4.04,0.34,0.18,0.15,183,598,1,"",NA,"Phaethornis.guy"
112,283,"Macho",24,32.76,5.4,6.15,35.33,58.7,2.55,23.82,67.12,6.97,2.81,0.2,0.23,12.92,60.57,9.32,4.95,2.21,0.21,1.23,0.31,1.31,1.51,0.13,0.76,2.61,0.31,0.07,0.00845900352957124,0.03,0.69,2.2,0.25,0.18,0.14,183,598,1,"",NA,"Phaethornis.hispidus"
113,290,"Macho",24,41.63,6.46,6.49,44.92,63.98,2.82,24.68,72.28,7.34,2.92,0.22,0.25,14.23,67.4,10.25,5.31,2.32,0.25,1.67,0.41,1.58,1.51,0.16,0.8,2.15,0.18,0.06,0.01,0.02,0.66,3.01,0.37,0.22,0.13,183,598,1,"",NA,"Phaethornis.longirostris"
114,292,"Macho",25,40.12,6.32,6.54,43.51,61.32,2.76,23.72,69.16,7.06,2.91,0.23,0.21,13.54,64.28,9.84,5.1,2.31,0.22,1.65,0.28,1.56,1.08,0.16,0.7,1.67,0.24,0.07,0.01,0.03,0.57,2.87,0.38,0.19,0.19,183,598,1,"",NA,"Phaethornis.malaris"
115,288,"Macho",6,33.21,5.15,6.05,36.11,59.06,2.44,23.83,69.25,7.5,2.9,0.2,0.29,12.79,60.43,9.83,4.91,2.06,0.22,1.17,0.22,0.83,0.95,0.11,0.61,1.73,0.13,0.02,0.01,0.02,0.73,2.3,0.16,0.2,0.12,183,598,1,"",NA,"Phaethornis.philippii"
116,276,"Macho",7,21.51,1.92,4.2,23.78,27.98,1.65,9.92,30.47,6.88,3.07,0.35,0.12,2.7,25.72,6.77,3.64,1.54,0.06,0.91,0.28,0.81,1.85,0.16,0.57,1.49,0.24,0.07,0.03,0.02,0.25,1.99,0.27,0.12,0.15,183,598,1,"",NA,"Phaethornis.ruber"
117,274,"Macho",16,22.62,2.42,4.49,24.48,36.1,1.82,12.84,39.89,7.48,3.1,0.28,0.2,4.27,32.55,7.77,3.99,1.68,0.09,1.41,0.22,1.59,1.07,0.14,0.49,1.16,0.5,0.09,0.02,0.08,0.43,1.1,0.37,0.15,0.17,183,598,1,"",NA,"Phaethornis.striigularis"
118,286,"Macho",18,40.63,6.01,6.35,44.18,62.16,2.49,24.83,70.7,7.56,2.84,0.22,0.32,13.21,70.62,9.92,5.05,2.36,0.24,1.86,0.16,1.59,1.48,0.16,0.73,2.21,0.31,0.06,0.00869649210821342,0.04,0.43,3.15,0.3,0.2,0.13,183,598,1,"",NA,"Phaethornis.syrmatophorus"
119,284,"Macho",9,42.2,5.97,6.33,45.4,61.05,2.76,23.37,70.57,7.51,3.02,0.22,0.24,13.27,51.46,9.82,5.2,2.43,0.28,1.54,0.2,2.13,1.6,0.05,0.69,2.21,0.21,0.09,0.01,0.03,0.88,2.34,0.44,0.17,0.19,183,598,1,"",NA,"Phaethornis.yaruqui"
120,296,"Macho",5,22.96,4.79,5.7,25.48,59.06,2.1,21.54,65.28,7.57,3.03,0.21,0.24,11.26,38.26,10.54,5.37,2.64,0.28,1.04,0,0.77,0.67,0,0.76,1.4,0.15,0.07,0.00823754988280118,0.01,0.49,1.45,0.21,0.21,0.32,183,598,1,"",NA,"Polytmus.guainumbi"
121,298,"Macho",2,18.45,3.62,5.55,20.65,55.5,2.1,20.55,63.25,7.56,3.07,0.17,0.22,10.58,31.05,8.9,4.65,2.37,0.03,0.63,0.21,0.21,1.13,0.14,0.07,1.06,0.12,0.06,0.0013062453550125,0.00497384114018661,0.18,0.35,0.14,0.07,0.03,183,598,1,"",NA,"Polytmus.theresiae"
122,299,"Macho",5,29.58,10.35,7.3,36.34,105.92,2.48,38.76,115.24,7.51,2.97,0.14,0.26,35.37,65.84,15.22,7.48,4.26,0.69,1.1,0.44,0.56,2.09,0.21,1.18,4.27,0.19,0.03,0.01,0.02,2.31,2.6,0.58,0.31,0.21,183,598,1,"",NA,"Pterophanes.cyanopterus"
123,302,"Macho",15,7.74,3.66,4.87,10.21,49.84,1.54,17.97,54.18,7.5,3.01,0.23,0.24,7.82,39.74,11.98,6.07,3.88,0.23,0.52,0.29,0.96,1.48,0.06,0.54,1.99,0.27,0.06,0.00986749080969667,0.04,0.37,5.12,0.49,0.15,0.22,183,598,1,"",NA,"Ramphomicron.microrhynchum"
124,305,"Macho",9,14.45,3.72,5.26,16.54,55.46,1.88,18.45,60.21,7.98,3.26,0.2,0.22,9.08,32.84,9.57,4.81,2.34,0.2,0.39,0.16,0.7,1.26,0.12,0.59,1.05,0.17,0.07,0.01,0.01,0.34,0.87,0.16,0.14,0.35,183,598,1,"",NA,"Schistes.geoffroyi"
125,305,"Macho",2,13.35,3.4,5.25,15.6,50.25,2.1,18.8,56.75,7.96,3.01,0.21,0.31,8.08,33.65,9.8,5.05,2.5,0.14,1.2,0.07,0.7,0.07,0,0,0.07,0.11,0.0037612062829068,0.0052525978724333,0.02,0.13,0.91,0.14,0.21,0,183,598,1,"",NA,"Schistes.geoffroyi"
126,320,"Macho",20,18.5,4.49,5.3,20.81,54.96,1.86,19.2,61.74,8.15,3.21,0.24,0.26,9.35,39.56,10.11,4.92,2.83,0.18,0.69,0.24,0.72,1.22,0.13,0.9,2,0.33,0.09,0.01,0.04,0.49,2.2,0.39,0.18,0.13,183,598,1,"",NA,"Thalurania.colombica"
127,320,"Macho",16,18.91,4.41,5.28,21.12,53,1.93,19.05,60.17,7.83,3.15,0.23,0.23,9.24,39.53,10.11,4.99,2.95,0.2,0.63,0.23,0.66,0.99,0.15,0.5,1.98,0.34,0.08,0.01,0.03,0.31,1.78,0.34,0.18,0.15,183,598,1,"",NA,"Thalurania.colombica"
128,322,"Macho",21,20.69,4.68,5.61,23.32,55.99,2,19.71,63.28,7.87,3.21,0.23,0.22,10.18,39.97,10.16,5.01,2.8,0.18,0.91,0.39,1.26,1.32,0.11,0.59,1.6,0.3,0.08,0.01,0.04,0.42,2.49,0.33,0.14,0.22,183,598,1,"",NA,"Thalurania.furcata"
129,327,"Macho",11,28.96,6.08,7.08,32.18,61.06,2.88,23.16,69.04,7.5,2.98,0.23,0.25,12.71,34.22,9.81,5.04,2.12,0.28,1.5,0.3,1.36,1.16,0.1,0.81,2.01,0.15,0.06,0.01,0.02,0.61,1.25,0.23,0.29,0.15,183,598,1,"",NA,"Threnetes.leucurus"
130,326,"Macho",15,29.88,6.3,7.07,32.77,58.81,2.93,23.41,66.6,7.07,2.84,0.25,0.24,12.54,34.6,10.6,5.36,2.37,0.23,1,0.5,1.27,1.13,0.14,0.53,1.67,0.3,0.06,0.01,0.04,0.48,0.9,0.46,0.21,0.19,183,598,1,"",NA,"Threnetes.ruckeri"
131,333,"Macho",1,30.9,11.9,7.9,34.6,78.9,2.5,30.5,88.7,7.68,2.9,0.29,0.32,20.47,47.4,15.2,7.3,4.6,0,0,0,0,0,0,0,0,0,0,0,0,0,0,0,0,0,183,598,1,"",NA,"Urochroa.bougueri"
132,334,"Macho",1,19.3,4.15,5,21.6,50.3,2,17.7,58.7,7.98,3.31,0.24,0.2,8.63,39.5,10.5,5.1,3.2,0,0,0,0,0,0,0,0,0,0,0,0,0,0,0,0,0,183,598,1,"",NA,"Urosticte.benjamini"
133,335,"Macho",5,18.9,4.7,5.15,21.58,57.48,1.95,20.62,62.26,7.42,3.01,0.22,0.22,10.44,38.7,10.48,5.06,2.86,0.15,0.62,0.07,0.61,1,0.07,0.36,0.87,0.16,0.02,0.01,0.02,0.29,1.69,0.4,0.15,0.15,183,598,1,"",NA,"Urosticte.ruficrissa"
